Community,neg,neu,pos,tweet_count
Other,0.14412982704865715,0.7519915795158836,0.10387859343545933,2607
